title,authors,publication_year,journal,abstract,topic,citation_count,source
Interpretable Machine Learning for Clinical Decision Support,Maya Chen; Daniel Brooks,2024,Journal of Illustrative Clinical AI,"Clinical decision support models can improve triage, but clinicians need explanations they can inspect. We compare sparse linear models with gradient-boosted trees and calibrated neural networks across three de-identified hospital datasets. A prospective workflow study measures decision time, confidence, and error patterns. Results show that concise feature explanations improve review speed without increasing override rates. The study is limited by a single health-system context. Future work should test the interface with rural clinics and larger language models.",Healthcare AI,182,Demo dataset — illustrative record
Robust Vision Transformers Under Distribution Shift,Elena Rossi; Arjun Mehta,2023,Proceedings of the Demo Vision Research Forum,"This benchmark evaluates vision transformers when camera, lighting, and background distributions shift between training and deployment. We measure calibration error and accuracy on six public image collections. Augmentation improves average robustness, while domain-specific fine-tuning remains effective when labels are scarce. The benchmark does not cover video streams or uncommon sensor hardware. Future research should study online adaptation with safety constraints.",Computer Vision,146,Demo dataset — illustrative record
Low-Resource Language Models for Public-Service Translation,Priya Nair; Samuel Okafor; Lila Mensah,2025,Illustrative Transactions on Language Technology,"We investigate multilingual transfer for public-service translation in eight low-resource languages. The approach combines parallel-corpus filtering, instruction tuning, and human review. Evaluation includes terminology accuracy and community-rated fluency. Results indicate that targeted data curation can outperform simply scaling model size. The available corpora underrepresent dialectal variation. Further research should examine consent-led data collection and robustness to code switching.",Natural Language Processing,91,Demo dataset — illustrative record
Federated Learning for Privacy-Preserving Radiology,Nora Patel; Miguel Santos,2022,Demo Journal of Medical Computing,"Hospitals often cannot pool imaging data because of privacy and governance requirements. This study compares federated averaging, secure aggregation, and locally trained baselines on chest-image classification. Cross-site evaluation finds a modest improvement in recall with federation, but performance varies with scanner protocol. The experiments use a small number of institutions. Future work should test fairness and communication cost across regional hospital networks.",Healthcare AI,228,Demo dataset — illustrative record
Graph Neural Networks for Urban Traffic Forecasting,Hannah Kim; Elias Turner,2024,Illustrative Smart Cities Review,We propose a graph neural network that combines road connectivity with time-of-day and weather features to predict corridor-level traffic. Evaluation uses two city sensor networks and reports lower peak-hour error than recurrent baselines. Ablation tests highlight the value of incident signals. Sparse sensors in peripheral neighborhoods remain a limitation. Future research should assess transfer to cities with different road layouts.,Machine Learning,134,Demo dataset — illustrative record
Explainable Malware Detection with Program Graphs,Omar Haddad; Grace Miller,2021,Proceedings of the Sample Security Symposium,"This work represents executable behavior as a program graph and compares graph neural networks with signature and tree-based detectors. Explanations identify suspicious call paths and file operations for analyst review. The model improves recall on a time-separated test set, though obfuscation still reduces performance. The dataset is dominated by desktop software. Further study should include mobile and embedded malware.",Cybersecurity,204,Demo dataset — illustrative record
Satellite Learning for Regional Climate Risk Mapping,Lucia Fernandez; Wei Zhang,2025,Demo Environmental Data Science Letters,We fuse multispectral satellite observations with historical rainfall to estimate regional flood exposure. A convolutional model is evaluated against geospatial baselines across four watersheds. Estimates align with surveyed flood extents and improve where ground sensors are sparse. Cloud cover and uneven survey coverage affect confidence. Future work should combine community reports with uncertainty-aware forecasting.,Climate & Environmental AI,77,Demo dataset — illustrative record
Safe Sim-to-Real Transfer for Warehouse Robotics,Noah Williams; Aisha Rahman,2023,Illustrative Robotics Research,We study policy transfer from simulation to a small warehouse robot fleet under changing payload and floor conditions. Randomized simulation plus a safety monitor reduces collision events during staged trials. The approach is tested in a controlled facility with limited human traffic. Future work should extend the evaluation to longer deployments and mixed robot fleets.,Robotics,116,Demo dataset — illustrative record
Topic Discovery in Scientific Abstract Collections,Isabel García; James Osei,2020,Sample Journal of Research Analytics,"This paper compares non-negative matrix factorization, probabilistic topic models, and embedding clusters for organizing scientific abstracts. Human reviewers assess coherence and label stability across repeated samples. Hybrid embeddings improve semantic grouping but retain sensitivity to corpus size. The evaluation focuses on English-language abstracts. Future research should measure usefulness for interdisciplinary discovery.",Data Science,318,Demo dataset — illustrative record
Self-Supervised Speech Recognition for Noisy Field Recordings,Fatima Ali; Peter Novak,2024,Demo Speech and Audio Systems,"We adapt self-supervised acoustic representations to noisy field recordings collected in transport and outdoor settings. The method combines masked prediction with targeted augmentation and is compared with supervised baselines. Word error rates improve for low-volume speech, while overlapping speakers remain difficult. The recordings cover a limited set of accents. Further research should explore privacy-preserving personalization.",Deep Learning,103,Demo dataset — illustrative record
Fairness Audits for Automated Loan Risk Models,Chloe Martin; Ravi Iyer,2022,Illustrative Journal of Responsible Computing,"We present a repeatable audit workflow for comparing group calibration, error rates, and counterfactual sensitivity in loan-risk models. Tests across three synthetic and public datasets show that aggregate accuracy can conceal substantial subgroup gaps. The workflow helps teams document mitigation trade-offs. The analysis cannot capture every jurisdiction-specific constraint. Future work should evaluate how audit findings change real lending decisions.",Artificial Intelligence,261,Demo dataset — illustrative record
Compact Segmentation Models for Edge Devices,Kai Nakamura; Sofia Petrova,2023,Demo Applied Vision Systems,"This study evaluates compact segmentation architectures for edge devices used in roadside monitoring. Quantized models are compared on latency, memory, and boundary accuracy under low light. Structured pruning reduces compute while maintaining useful segmentation quality. Hardware support differs substantially across devices. Future work should study energy use during continuous operation.",Computer Vision,155,Demo dataset — illustrative record
Retrieval-Augmented Question Answering for Scientific Literature,Daniel Brooks; Maya Chen; Yuki Tanaka,2025,Illustrative Journal of Digital Scholarship,We evaluate retrieval-augmented generation for answering questions over scientific abstracts and full-text passages. The system combines section-aware retrieval with citation verification and is compared against closed-book prompting. Evidence attribution improves when passages are short and metadata is complete. The evaluation set contains few contradictory findings. Future work should test expert workflows and calibrated abstention.,Natural Language Processing,68,Demo dataset — illustrative record
Anomaly Detection for Industrial Sensor Streams,Rafael Costa; Emily Shaw,2021,Sample Industrial Informatics,"We compare density estimation, isolation forests, and temporal convolutional models for anomaly detection in industrial sensor streams. Evaluation uses chronological splits to reflect deployment conditions. Temporal features improve early warning for recurring equipment faults. Rare failure labels and changing maintenance practices remain limitations. Further research should measure false-alarm costs with operators.",Machine Learning,239,Demo dataset — illustrative record
Privacy Risks in Clinical Text De-identification,Leila Haddad; Thomas Reed,2024,Demo Privacy Engineering Journal,"This analysis measures residual identifier risk after applying rule-based and transformer-based clinical note de-identification. A red-team evaluation finds stronger recall for uncommon names with context-aware models, but demographic disparities remain. The study relies on a narrow collection of note styles. Future work should test multilingual records and governance procedures for model updates.",Cybersecurity,86,Demo dataset — illustrative record
Predicting Crop Water Stress from Multispectral Imagery,Ananya Rao; Mateo Silva,2022,Illustrative Journal of Agricultural Intelligence,"We use multispectral imagery and local weather to estimate crop water stress before visible damage occurs. A temporal convolutional model is compared with vegetation-index thresholds across two growing seasons. Early warning improves in irrigated plots, while cloudy periods reduce coverage. Smallholder farms are underrepresented. Future research should assess low-cost sensors and farmer-led validation.",Climate & Environmental AI,174,Demo dataset — illustrative record
Human-Robot Collaboration in Small-Batch Manufacturing,Aisha Rahman; Noah Williams,2025,Sample Manufacturing Systems,This work studies task allocation between operators and collaborative robots on short production runs. A contextual policy adapts to workcell congestion and operator feedback. Simulation and a pilot assembly line show fewer idle intervals than fixed scheduling. The trial is brief and involves experienced operators. Future work should include novice users and ergonomic outcomes.,Robotics,59,Demo dataset — illustrative record
Weakly Supervised Detection of Rare Cardiac Events,Miguel Santos; Priya Nair,2023,Demo Journal of Biomedical Signals,We combine weak labels from clinical notes with electrocardiogram windows to detect rare cardiac events. The model is assessed with patient-level splits and compared against a fully supervised baseline. Weak supervision increases case coverage without a large annotation effort. Label noise and differences in monitoring equipment remain limitations. Further research should evaluate calibration in emergency settings.,Healthcare AI,197,Demo dataset — illustrative record
Causal Discovery for Public Health Intervention Data,James Osei; Fatima Ali,2020,Illustrative Public Health Methods,We examine constraint-based and score-based causal discovery methods for observational public health data. Synthetic experiments and a carefully reviewed case study show that domain constraints improve graph stability. Unmeasured confounding remains difficult to rule out. The case study is not sufficient to establish intervention effects. Future research should compare discovery with prospective study designs.,Data Science,284,Demo dataset — illustrative record
Efficient Attention for Long-Document Summarization,Yuki Tanaka; Elena Rossi,2024,Demo Journal of Language Models,We compare sparse and recurrent attention strategies for summarizing long technical documents. Evaluation combines factual consistency checks with expert ratings of coverage. Sparse attention offers a useful latency-quality trade-off on mid-sized reports. Performance declines for documents with dense tables and cross-references. Future work should include multimodal reports and citation-aware evaluation.,Deep Learning,121,Demo dataset — illustrative record
Detecting Phishing Campaigns Through Email Graphs,Grace Miller; Omar Haddad,2022,Illustrative Network Security Letters,"We model sender-recipient and domain relationships as a temporal graph to detect coordinated phishing campaigns. Graph features are compared with content-only classifiers on a chronological split. Network context helps identify repeated infrastructure, but adversaries can rotate domains. The data omits some encrypted channels. Further research should test privacy-preserving collaboration between organizations.",Cybersecurity,213,Demo dataset — illustrative record
Coastal Flood Mapping with Uncertainty-Aware Segmentation,Wei Zhang; Lucia Fernandez,2025,Sample Journal of Climate Informatics,This paper proposes uncertainty-aware segmentation for coastal flood extent from satellite imagery. The model reports confidence maps alongside predicted water boundaries and is evaluated after several storm events. Confidence estimates are useful for prioritizing manual review. Validation is sparse for small islands and informal settlements. Future work should improve coverage through local observation networks.,Climate & Environmental AI,64,Demo dataset — illustrative record
Learning Dexterous Manipulation from Demonstrations,Elias Turner; Kai Nakamura,2021,Demo Robotics and Automation,We investigate learning-based manipulation from human demonstrations with visual and tactile feedback. A policy is tested on object transfer tasks under changes in shape and friction. Tactile signals improve success on deformable objects. The robot platform and object set are limited. Further research should examine sim-to-real transfer and safe recovery from failed grasps.,Robotics,192,Demo dataset — illustrative record
Evaluating Synthetic Data for Rare Disease Research,Sofia Petrova; Leila Haddad,2024,Illustrative Journal of Health Data,"We assess synthetic tabular data for improving rare-disease prediction when records cannot be widely shared. Utility, privacy leakage, and subgroup coverage are measured across several generation methods. Synthetic augmentation helps for selected conditions but can reproduce underrepresented patterns. The results depend on the source cohort. Future studies should involve patient advocates in evaluation.",Healthcare AI,109,Demo dataset — illustrative record
Multimodal Sentiment Analysis in Online Learning,Samuel Okafor; Chloe Martin,2023,Sample Educational Technology Research,"We study text and audio cues for identifying learner frustration during online tutoring sessions. A multimodal classifier is compared with text-only and audio-only models using consented recordings. Audio contributes most when chat is sparse, but performance varies by language background. The participant sample is small. Further research should evaluate privacy-preserving feedback and learner control.",Natural Language Processing,148,Demo dataset — illustrative record
Automated Defect Inspection with Few-Shot Vision Models,Arjun Mehta; Hannah Kim,2025,Demo Journal of Smart Manufacturing,"We evaluate few-shot visual inspection for product defects when only a small number of labelled examples are available. The approach combines pretrained image embeddings and a calibrated nearest-neighbor classifier. Results are promising on held-out defect types, but reflective surfaces remain challenging. Future research should test real production drift and operator review procedures.",Computer Vision,72,Demo dataset — illustrative record
Adaptive Resource Allocation in Edge Analytics,Emily Shaw; Rafael Costa,2022,Illustrative Edge Computing Review,"This study introduces a workload scheduler that balances latency, battery use, and network congestion for edge analytics. It is evaluated in a simulated sensor network and a small laboratory deployment. Adaptive batching lowers average energy demand under variable traffic. The field deployment is too small to assess long-term reliability. Future work should include adversarial network conditions.",Data Science,185,Demo dataset — illustrative record
Benchmarking Retrieval Systems for Legal Documents,Thomas Reed; Isabel García,2021,Sample Information Retrieval Studies,"We compare sparse retrieval, dense embeddings, and hybrid ranking for searching legal documents. Evaluation includes relevance judgments and citation recall across multiple query types. Hybrid search performs consistently, while dense retrieval helps with paraphrased questions. The benchmark is limited to one legal system and language. Further work should study expert-assisted relevance labeling.",Artificial Intelligence,246,Demo dataset — illustrative record
Forecasting Renewable Energy Output with Weather Ensembles,Mateo Silva; Ananya Rao,2024,Demo Journal of Sustainable Systems,We combine weather ensembles and historical generation to forecast short-term solar and wind output. Probabilistic forecasts are compared with point predictions across seasonal splits. Ensemble inputs improve uncertainty calibration during rapidly changing conditions. Performance is weaker for new installations with little history. Future research should assess transfer learning across regions.,Machine Learning,131,Demo dataset — illustrative record
Active Learning for Safer Autonomous Navigation,Peter Novak; Nora Patel,2025,Illustrative Autonomous Systems Journal,"We evaluate active learning for selecting difficult navigation scenarios in a simulated and small-scale robot environment. A risk-weighted query strategy improves collision prediction with fewer labelled episodes than random sampling. The evaluation excludes dense pedestrian environments. Future work should examine human feedback, safe exploration, and deployment monitoring.",Robotics,83,Demo dataset — illustrative record
